exp_name,ckpt,readout,pooling,mean_gated_gap,gap_pulsating,pr_auc_pulsating,gap_eb,pr_auc_eb,gap_rotation,pr_auc_rotation,gap_transit,pr_auc_transit
exp03_fb0p05_b0p3_lpsd,best_recon_aux,mlp,window_score,0.07463699830737514,-0.0190378303947251,0.7778520113929983,0.1118420175663246,0.7907942427354603,0.1311068077505259,0.5697612300563439,0.0720499736206273,0.2218562536650663
exp03_fb0p05_b0p3_lpsd,best,mlp,window_score,0.0659194103854232,-0.0263817624626192,0.7705080793251042,0.0968978826258254,0.7758501077949611,0.1272421109930634,0.5658965332988815,0.0411557156821406,0.1909619957265796
exp03_fb0p02_b0p1_lpsd,best_recon_aux,mlp,mean,0.0643309436742177,0.0021478906962062,0.8135639781885837,0.0773052741841149,0.7737086149269589,0.113539666142332,0.5142826741739406,0.0940802019458049,0.2159191204860177
exp03_fb0p02_b0p1_lpsd,best,mlp,mean,0.0643309436742177,0.0021478906962062,0.8135639781885837,0.0773052741841149,0.7737086149269589,0.113539666142332,0.5142826741739406,0.0940802019458049,0.2159191204860177
exp03_fb0p1_b0p1_lpsd,best,mlp,window_score,0.0633513341068412,-0.0196610236349972,0.7772288181527263,0.0961174589679957,0.7750696841371314,0.1135975669875251,0.5522519892933432,0.0499799137800909,0.1997861938245299
exp03_fb0p02_b1p0_lpsd,best,mlp,window_score,0.059917742615959634,-0.0013593363613424,0.795530505426381,0.0788436063428196,0.7577958315119553,0.1022689578664017,0.5409233801722197,0.0422564513489935,0.1920627313934325
exp03_fb0p1_b0p1_lpsd,best_recon_aux,mlp,window_score,0.0586218130485174,-0.015430331548461,0.7814595102392624,0.089282652600753,0.7682348777698887,0.1020131180932602,0.5406675403990783,0.0633034188781578,0.2131096989225968
exp03_fb0p02_b0p1_lpsd,best_recon_aux,mlp,window_score,0.05656532034250613,-0.0175767531934518,0.7793130885942716,0.070447352669416,0.7493995778385517,0.1168253615515542,0.5554797838573723,0.0703440206385354,0.2201503006829744
exp03_fb0p02_b0p1_lpsd,best,mlp,window_score,0.05656532034250613,-0.0175767531934518,0.7793130885942716,0.070447352669416,0.7493995778385517,0.1168253615515542,0.5554797838573723,0.0703440206385354,0.2201503006829744
exp03_fb0p02_b1p0_lpsd,best_recon_aux,mlp,mean,0.05604556419087244,-0.0159585998575372,0.7954574876348403,0.0835515029986043,0.7799548437414483,0.1005437894315502,0.5012867974631587,0.0967938454726045,0.2186327640128173
exp03_fb0p1_b0p3_none,best,mlp,window_score,0.0546096093066022,-0.0111494447228163,0.7857403970649072,0.0547799743526983,0.733732199521834,0.1201982982899246,0.5588527205957426,0.021614825171092,0.171421105215531
exp03_fb0p05_b0p3_lpsd,best,mlp,mean,0.05421378231480097,0.0066369862267136,0.8180530737190911,0.0685208202966316,0.7649241610394756,0.0874835404210577,0.4882265484526663,0.1040365071088901,0.2258754256491029
exp03_fb0p05_b0p3_lpsd,best_recon_aux,mlp,mean,0.050979587038593864,-0.0065238524734272,0.8048922350189502,0.0511352180602929,0.7475385588031369,0.1083273955289159,0.5090704035605245,0.0972650013991892,0.219103919939402
exp03_fb0p02_b0p1_lpsd,best,gbm,max,0.050686441468508,0.0394088430922994,0.8352131533014959,0.0399497345347918,0.8048457220559512,0.0727007467784328,0.5598167866444825,0.0739205504129586,0.2369470680663149
exp03_fb0p02_b0p1_lpsd,best_recon_aux,gbm,max,0.050686441468508,0.0394088430922994,0.8352131533014959,0.0399497345347918,0.8048457220559512,0.0727007467784328,0.5598167866444825,0.0739205504129586,0.2369470680663149
exp03_fb0p1_b0p1_lpsd,best_recon_aux,gbm,window_score,0.05061904931433033,0.100524270179551,0.8458261562112701,0.0095237101068647,0.7505092059854717,0.0418091676565753,0.5483176613309393,0.0317710503427744,0.1667293514697316
exp03_fb0p02_b0p1_lpsd,best,logistic,window_score,0.0504320700391358,0.0134473088972244,0.7477336526959266,0.1227639012772927,0.7409816075384207,0.0150849999428903,0.5190786172206718,0.0457137422208874,0.1277878137440639
exp03_fb0p02_b0p1_lpsd,best_recon_aux,logistic,window_score,0.0504320700391358,0.0134473088972244,0.7477336526959266,0.1227639012772927,0.7409816075384207,0.0150849999428903,0.5190786172206718,0.0457137422208874,0.1277878137440639
exp03_fb0p02_b1p0_lpsd,best,mlp,mean,0.05017221588943437,0.0011273393491841,0.8125434268415617,0.0396286941953927,0.7360320349382367,0.1097606141237263,0.5105036221553348,0.059959306263356,0.1817982248035688
exp03_fb0_b0p1_comb,best,mlp,mean,0.04940063557037227,-0.0243707901094841,0.7870452973828933,0.0495621760722857,0.7459655168151297,0.1230105207483152,0.5237535287799238,0.0279413559935574,0.1497802745337702
exp03_fb0_b0p1_comb,best_recon_aux,gbm,max,0.048349793723609334,0.0285901440064746,0.8243944542156711,0.0348742719358106,0.7997702594569699,0.0815849652285428,0.5687010050945925,0.0792369191207046,0.2422634367740609
exp03_fb0p02_b0p1_lpsd,best,logistic,mean,0.04821682569290097,0.0546979934820281,0.822181531433348,0.0611061380639563,0.773693955284275,0.0288463455327185,0.5605820624794243,0.0359397381203745,0.116517680693071
exp03_fb0p02_b0p1_lpsd,best_recon_aux,logistic,mean,0.04821682569290097,0.0546979934820281,0.822181531433348,0.0611061380639563,0.773693955284275,0.0288463455327185,0.5605820624794243,0.0359397381203745,0.116517680693071
exp03_fb0_b0p1_comb,best,logistic,quantile,0.047245876182414936,0.0309454163511879,0.8031323061298706,0.023423145869108,0.7086446490842867,0.0873690663269489,0.5391843919215314,0.0278562561086328,0.1189720568904377
exp03_fb0p02_b1p0_lpsd,best_recon_aux,mlp,window_score,0.04715508275906697,0.0067330020581984,0.803622843845922,0.0506986835647669,0.7296509087339026,0.0840335626542356,0.5226879849600536,0.0599580861377082,0.2097643661821472
exp03_fb0_b0p1_comb,best_recon_aux,mlp,window_score,0.046932219324480266,-0.0314622858017686,0.7654275559859548,0.0601491830872483,0.739101408256384,0.1121097606879611,0.5507641829937792,0.017436704979527,0.167242985023966
exp03_fb0_b0p1_comb,best,gbm,window_score,0.04626504442817194,0.0585060353104527,0.8038079213421718,0.0433764986421124,0.7843619945207194,0.0369125993319507,0.5434210930063147,0.0478852100535556,0.1828435111805128
exp03_fb0p1_b0p1_lpsd,best,gbm,window_score,0.04603350510163153,0.0852733720398432,0.8305752580715623,0.0091127833285931,0.7500982792072001,0.0437143599364583,0.5502228536108222,0.0520005617995028,0.18695886292646
exp03_fb0p1_b1p0_none,best_recon_aux,mlp,window_score,0.04602041870876236,-0.0277401445344879,0.7691496972532356,0.0697550901173004,0.7487073152864361,0.0960463105434746,0.5347007328492926,0.0112973145598522,0.1611035946042912
exp03_fb0_b0p1_comb,best,mlp,window_score,0.04592607787334949,-0.0546992412452802,0.7421906005424432,0.0689533521114924,0.7479055772806281,0.1235241227538363,0.5621785450596544,0.0013832759703233,0.1511895560147623
exp03_fb0p1_b1p0_none,best,mlp,window_score,0.045668677027642705,-0.0168319860591549,0.7800578557285686,0.0766265350295657,0.7555787601987014,0.0772114821125173,0.5158659044183354,0.0244629177877921,0.1742691978322311
exp03_fb0_b0p1_comb,best_recon_aux,logistic,mean,0.045176597738349804,0.0540278054583137,0.8215113434096336,0.0655571012673096,0.7781449184876282,0.0159448864894261,0.5476806034361319,0.0607722372718775,0.141350179844574
exp03_fb0_b0p3_lpsd,best,gbm,window_score,0.04479560244704416,0.0710876505832844,0.8163895366150036,0.0156440274038628,0.7566295232824698,0.0476551293539853,0.5541636230283492,0.0226629980638866,0.1576212991908438
exp03_fb0p1_b0p1_lpsd,best,mlp,mean,0.0447896824201463,0.0141586567003335,0.825574744192711,-0.004777720229866,0.6916256205129779,0.1249881107899714,0.52573111882158,0.0215207794378357,0.1433596979780485
exp03_fb0p1_b0p1_lpsd,best_recon_aux,mlp,mean,0.04379582413894267,0.0307414743732146,0.8421575618655921,0.0004431724922099,0.6968465132350539,0.1002028255514035,0.500945833583012,0.0566778431839153,0.1785167617241281
exp03_fb0_b0p3_lpsd,best_recon_aux,gbm,window_score,0.04376276191394807,0.059107810250876,0.8044096962825952,0.0170390786097891,0.7580245744883961,0.0551413968811791,0.561649890555543,0.0040329784455943,0.1389912795725515
exp03_fb0_b0p1_comb,best_recon_aux,gbm,window_score,0.0436738732282633,0.0279220591164787,0.7732239451481978,0.034771150564243,0.77575664644285,0.0683284100040682,0.5748369036784321,0.0907618632320405,0.2257201643589977
exp03_fb0_b0p1_comb,best_recon_aux,logistic,window_score,0.043509675027196194,-0.0020008460805246,0.7322854977181775,0.0973345688995683,0.7155522751606963,0.0351953022625449,0.5391889195403264,0.0720049953788845,0.154079066902061
exp03_fb0p1_b0p1_lpsd,best_recon_aux,logistic,window_score,0.0429524866083545,-0.0037479301439362,0.7305384136547659,0.0987623263282512,0.7169800325893791,0.0338430636407485,0.53783668091853,0.0532618146163727,0.1353358861395491
exp03_fb0p02_b1p0_lpsd,best,mlp,max,0.04253914842552283,-0.0111686907799688,0.7987633441947585,-0.0105274112531847,0.7011878132327655,0.149313547309722,0.5289267380670098,0.0555741099160672,0.201342130942769
exp03_fb0p05_b0p3_lpsd,best_recon_aux,gbm,window_score,0.0424591234493261,0.0803636801940318,0.8256655662257509,0.0064688945220729,0.74745439040068,0.0405447956318736,0.5470532893062375,0.0541149360613242,0.1890732371882814
exp03_fb0p05_b0p3_lpsd,best_recon_aux,logistic,mean,0.04194024241204603,0.029134844457345,0.7966183824086649,0.0523868463824666,0.7649746636027852,0.0442990363963265,0.5760347533430323,0.0428288968217458,0.1234068393944423
exp03_fb0p1_b0p3_none,best_recon_aux,mlp,window_score,0.0417027368999934,-0.0384150758053192,0.7584747659824043,0.0712941873014033,0.750246412470539,0.0922290992038961,0.5308835215097142,0.0158898612780929,0.1656961413225319
exp03_fb0p02_b1p0_lpsd,best_recon_aux,mlp,quantile,0.04109480894695194,-0.0067054946055982,0.8239962406368775,0.0360580600399931,0.7263845120118748,0.0939318614064609,0.5196198617993038,0.0778523295803192,0.1787301350384882
exp03_fb0_b0p3_lpsd,best_recon_aux,gbm,quantile,0.0410076550772705,0.0419874956854149,0.8372982259157442,0.0285050745061412,0.758838225516648,0.0525303950402554,0.5707219467203022,0.0239380767201225,0.1703387874093185
exp03_fb0p05_b0p3_lpsd,best,logistic,mean,0.04048412741251906,0.0228691335631903,0.7903526715145102,0.0569488672391204,0.769536684459439,0.0416343814352465,0.5733700983819523,0.0438609617613053,0.1244389043340018
exp03_fb0p05_b0p3_lpsd,best,logistic,window_score,0.04024873146817173,0.0078044343632218,0.742090778161924,0.0785188620110738,0.6967365682722018,0.0344228980302196,0.5384165153080012,0.0588688088898602,0.1409428804130366
exp03_fb0p05_b0p3_lpsd,best_recon_aux,logistic,window_score,0.04006199482934943,0.0031473299921733,0.7374336737908755,0.0874996478063389,0.7057173540674668,0.0295390066895361,0.5335326239673176,0.0825734124766951,0.1646474839998715
exp03_fb0p1_b0p1_lpsd,best,logistic,mean,0.03985210133025337,0.013305471484748,0.7807890094360679,0.0632918583229864,0.7758796755433051,0.0429589741830257,0.5746946911297315,0.0546700724658603,0.1352480150385568
exp03_fb0p1_b0p1_lpsd,best,logistic,window_score,0.039131775114788735,-0.0007458657933738,0.7335404780053283,0.0934912440262047,0.7117089502873327,0.0246499471115353,0.5286435643893168,0.0732048788340292,0.1552789503572056
exp03_fb0_b0p3_lpsd,best,gbm,mean,0.03895706502880087,0.009672228712179,0.8338537601211351,0.0276155573111901,0.7591105233322357,0.0795834090630335,0.5859964852359805,0.025761630463204,0.1578690206638766
exp03_fb0_b0p1_comb,best_recon_aux,logistic,quantile,0.03880595257598727,0.0468054315450889,0.8189923213237716,0.0434791165560156,0.7287006197711943,0.0261333096268573,0.4779486352214398,0.0742619513347363,0.1653777521165412
exp03_fb0p05_b0p3_lpsd,best,gbm,window_score,0.03871489441042773,0.0793552092281469,0.8246570952598661,0.0172200090200586,0.7582055048986656,0.0195694649830777,0.5260779586574417,0.0337903523048809,0.1687486534318381
exp03_fb0p1_b0p1_lpsd,best_recon_aux,logistic,mean,0.0383859718809998,0.0085147803852716,0.7759983183365915,0.0654379322371503,0.7780257494574689,0.0412052030205775,0.5729409199672832,0.0506074775704685,0.131185420143165
exp03_fb0p02_b0p1_lpsd,best_recon_aux,gbm,window_score,0.0380192070665348,0.0452195067553501,0.7905213927870692,0.0308998250772034,0.7718853209558104,0.0379382893670509,0.5444467830414148,0.0250511389646748,0.1600094400916321
exp03_fb0p02_b0p1_lpsd,best,gbm,window_score,0.0380192070665348,0.0452195067553501,0.7905213927870692,0.0308998250772034,0.7718853209558104,0.0379382893670509,0.5444467830414148,0.0250511389646748,0.1600094400916321
exp03_fb0p02_b1p0_lpsd,best_recon_aux,gbm,quantile,0.037958792088041364,0.0576164775335014,0.8529272077638307,0.0153097719648573,0.7456429229753642,0.0409501267657654,0.5591416784458122,0.020669306408834,0.16707001709803
exp03_fb0_b0p3_lpsd,best_recon_aux,mlp,window_score,0.037522929461604,-0.0738058978485556,0.7230839439391679,0.0646107031620952,0.7435629283312309,0.1217639830712724,0.5604184053770904,0.016818219466363,0.166624499510802
exp03_fb0p1_b0p3_none,best_recon_aux,logistic,mean,0.03733372974723074,0.0364388011488898,0.8039223391002097,0.0591283884779214,0.7717162056982401,0.016433999614881,0.5481697165615868,0.0319911746328327,0.1125691172055292
exp03_fb0p02_b1p0_lpsd,best,gbm,quantile,0.036871441789047305,0.052308161456301,0.8476188916866303,0.013764885556573,0.7440980365670798,0.0445412783542679,0.5627328300343146,0.012839851561948,0.159240562251144
exp03_fb0_b0p1_comb,best,gbm,mean,0.03686696863017926,-0.0219684442089647,0.8022130871999913,0.0537536349507006,0.7852486009717462,0.0788157151488019,0.5852287913217489,0.0257145903584409,0.1578219805591135
exp03_fb0p02_b1p0_lpsd,best,gbm,max,0.036542019825318135,0.0176463227909952,0.8134506330001917,0.0151628780874311,0.7800588656085904,0.0768168585975281,0.5639328984635779,0.0703212510091074,0.2333477686624637
exp03_fb0p1_b1p0_lpsd,best_recon_aux,logistic,mean,0.036074955906114196,0.018026894219895,0.7855104321712149,0.0520390736755448,0.7646268908958634,0.0381588998229028,0.5698946167696086,0.0493887339069551,0.1299666764796516
exp03_fb0p1_b0p3_none,best_recon_aux,logistic,window_score,0.033926803409911464,0.0094376543859487,0.743723998184651,0.0865181560503651,0.7047358623114931,0.0058245997934206,0.5098182170712021,0.0480120492754782,0.1300861207986546
exp03_fb0p05_b0p3_lpsd,best,mlp,max,0.032479438425195434,0.0199544017831722,0.8298864367578995,-0.0062763627002637,0.7054388617856865,0.0837602761926778,0.4633734669499656,0.0178809533553391,0.1636489743820409
exp03_fb0_b0p1_lpsd,best_recon_aux,gbm,mean,0.0321591917798833,-0.0209429442638398,0.8032385871451162,0.0524950619645445,0.7839900279855901,0.0649254576389452,0.5713385338118921,0.0494369702762565,0.1815443604769291
exp03_fb0p1_b0p1_none,best,logistic,mean,0.0316534077910428,-0.0027897784650545,0.7646937594862653,0.0594926117967332,0.7720804290170519,0.0382573900414497,0.5699931069881555,0.0333526294665747,0.1139305720392712
exp03_fb0p1_b0p1_none,best_recon_aux,logistic,mean,0.0316534077910428,-0.0027897784650545,0.7646937594862653,0.0594926117967332,0.7720804290170519,0.0382573900414497,0.5699931069881555,0.0333526294665747,0.1139305720392712
exp03_fb0_b0p3_lpsd,best,mlp,window_score,0.0312495946795181,-0.0535421474643215,0.743347694323402,0.0557589548974402,0.7347111800665759,0.0915319766054356,0.5301863989112536,-0.0127653086212933,0.1370409714231456
exp03_fb0p1_b1p0_comb,best_recon_aux,logistic,mean,0.030844995213829034,0.0217832527920561,0.789266790743376,0.0458027027470118,0.7583905199673304,0.0249490301024192,0.556684747049125,0.0329373112562785,0.113515253828975
exp03_fb0p02_b0p3_comb,best_recon_aux,logistic,mean,0.030325281082907368,0.0111704362765796,0.7786539742278995,0.0594507025687164,0.772038519789035,0.0203547044034261,0.5520904213501319,0.0559843016586533,0.1365622442313498
exp03_fb0p02_b1p0_lpsd,best_recon_aux,gbm,max,0.030275295215109767,0.0372800456134373,0.8330843558226338,0.0201692618880738,0.7850652494092332,0.0333765781438182,0.5204926180098679,0.0779472093602633,0.2409737270136196
exp03_fb0p05_b0p3_comb,best,logistic,mean,0.030263471489522565,0.0273388237489109,0.7948223617002308,0.0440717068349877,0.7566595240553063,0.0193798838846691,0.5511156008313749,0.0684201860154345,0.148998128588131
exp03_fb0_b0p1_comb,best,gbm,quantile,0.03023793004309237,0.0139299669446637,0.809240697174993,0.0396859463034334,0.7700190973139402,0.03709787688118,0.5552894285612268,0.0185827647311964,0.1649834754203924
exp03_fb0_b0p1_comb,best_recon_aux,mlp,mean,0.030120164496615632,0.011868395978605,0.8232844834709825,0.0042860992829057,0.7006894400257497,0.0742059982283362,0.4749490062599448,0.0118539504918427,0.1336928690320555
exp03_fb0_b0p1_comb,best_recon_aux,gbm,quantile,0.030086922181363735,0.0401257134458838,0.8354364436762132,0.0207293497526139,0.7510625007631208,0.0294057033455935,0.5475972550256403,0.0071721546086209,0.1535728652978169
exp03_fb0p02_b1p0_lpsd,best,gbm,window_score,0.029978341698395305,0.0473818993814604,0.7926837854131795,0.0217970041448783,0.7627825000234854,0.0207561215688472,0.5272646152432111,0.0493012327942451,0.1842595339212023
exp03_fb0p05_b0p1_lpsd,best,logistic,mean,0.029922014217360002,-0.0171683435004331,0.7503151944508867,0.063548189790342,0.7761360070106607,0.0433861963621711,0.5751219133088769,0.0439861510734659,0.1245640936461624
exp03_fb0_b0p3_lpsd,best,gbm,max,0.029811926232382064,0.0037425098714902,0.7995468200806868,0.0209723802518452,0.7858683677730045,0.0647208885738108,0.5518369284398605,0.0232867523278147,0.1863132699811711
exp03_fb0p02_b0p1_comb,best,logistic,mean,0.02976299954835943,0.0234190489906923,0.7909025869420122,0.0574922221077507,0.7700800393280693,0.0083777275466353,0.5401134444933411,0.0593044575409378,0.1398824001136343
exp03_fb0p02_b0p1_comb,best_recon_aux,logistic,mean,0.02976299954835943,0.0234190489906923,0.7909025869420122,0.0574922221077507,0.7700800393280693,0.0083777275466353,0.5401134444933411,0.0593044575409378,0.1398824001136343
exp03_fb0_b0p1_comb,best,gbm,max,0.02938376482118067,0.0095417304643179,0.8053460406735145,0.0351234240011311,0.8000194115222904,0.043486139998093,0.5306021798641427,0.0701407133611565,0.2331672310145128
exp03_fb0p05_b0p3_comb,best_recon_aux,logistic,mean,0.029162379244506365,0.0159602349394307,0.7834437728907506,0.0482209873823419,0.7608088046026605,0.0233059154117465,0.5550416323584523,0.0607503594199399,0.1413283019926364
exp03_fb0p02_b0p3_comb,best,logistic,mean,0.029093242469532366,0.0124810778559765,0.7799646158072964,0.0542850355045971,0.7668728527249158,0.0205136140480235,0.5522493309947293,0.0657388459765087,0.1463167885492052
exp03_fb0p05_b0p1_none,best_recon_aux,logistic,mean,0.028935981559654,0.0141861685552912,0.781669706506611,0.0536461801942101,0.7662339974145288,0.0189755959294607,0.5507113128761665,0.0200287718214778,0.1006067143941743
exp03_fb0_b0p1_lpsd,best,gbm,mean,0.028752874733376232,-0.0176173940560322,0.8065641373529238,0.0489550677528689,0.7804500337739145,0.054920950503292,0.561334026676239,0.061654364809687,0.1937617550103596
exp03_fb0_b0p1_comb,best_recon_aux,gbm,mean,0.028563453910685033,-0.0289153215922108,0.7952662098167451,0.0432603779247836,0.7747553439458292,0.0713453053994823,0.5777583815724293,0.0577657582003337,0.1898731484010063
exp03_fb0p05_b0p3_lpsd,best,gbm,max,0.027100960297923932,-0.0021401725464637,0.7936641376627328,0.0116698186406176,0.776565806161777,0.0717732347996179,0.5588892746656676,0.0881067505175551,0.2511332681709114
exp03_fb0_b0p1_comb,best,logistic,mean,0.02690928095676957,0.0282601947395417,0.7957437326908616,0.0492636627770771,0.7618514799973958,0.0032039853536899,0.5349397023003957,0.0508052994372852,0.1313832420099817
exp03_fb0p1_b0p1_comb,best_recon_aux,logistic,mean,0.025527538409934065,-0.0021632160211916,0.7653203219301282,0.0312209797416265,0.7438087969619451,0.0475248515093673,0.5792605684560731,0.0493393739766788,0.1299173165493753
exp03_fb0p05_b1p0_lpsd,best_recon_aux,logistic,mean,0.025265606452433764,-0.0041576865194821,0.7633258514318377,0.0501557219362703,0.762743539156589,0.0297987839405131,0.5615345008872189,0.0387374394211291,0.1193153819938256
exp03_fb0_b0p1_comb,best,logistic,window_score,0.024923200336484364,-0.0176669875268496,0.7166193562718525,0.0798184905999384,0.6980361968610663,0.0126180979363643,0.5166117152141458,0.0500247344718139,0.1320988059949903
exp03_fb0p02_b0p1_comb,best,gbm,mean,0.0248957874222782,-0.0167835962979304,0.8073979351110255,0.046241771739944,0.7777367377609896,0.045229186824821,0.551642262997768,0.0454255659297795,0.1775329561304521
exp03_fb0p02_b0p1_comb,best_recon_aux,gbm,mean,0.0248957874222782,-0.0167835962979304,0.8073979351110255,0.046241771739944,0.7777367377609896,0.045229186824821,0.551642262997768,0.0454255659297795,0.1775329561304521
exp03_fb0p1_b0p3_lpsd,best,logistic,mean,0.024644686531020935,0.0185447038661883,0.7860282418175082,0.0417647232316427,0.7543525404519613,0.0136246324952318,0.5453603494419376,0.0484745398337464,0.1290524824064429
exp03_fb0p02_b1p0_lpsd,best,logistic,mean,0.023633889736905705,0.0113751812694206,0.7788587192207405,0.0422803456250614,0.75486816284538,0.0172461423162351,0.5489818592629409,0.0437427075607736,0.1243206501334701
exp03_fb0_b0p1_comb,best,mlp,quantile,0.023626476988003266,0.0018955528048578,0.8325972880473336,0.0196997967527267,0.7100262487246084,0.0492840814064253,0.4749720817992681,0.0393595231244209,0.14023732858259
exp03_fb0p02_b1p0_comb,best_recon_aux,logistic,mean,0.0236012372329254,-0.0052596844331731,0.7622238535181467,0.0481829328698227,0.7607707500901414,0.0278804632621266,0.5596161802088324,0.0387823418035398,0.1193602843762363
exp03_fb0p05_b0p3_none,best,logistic,mean,0.0235841684582513,-0.006469791497791,0.7610137464535288,0.0501930232795723,0.7627808404998909,0.0270292735929726,0.5587649905396784,0.0304546590693503,0.1110326016420468
exp03_fb0p1_b0p3_none,best,logistic,mean,0.023116103168465366,-0.0135113731194914,0.7539721648318284,0.0581058285380986,0.7706936457584173,0.0247538540867889,0.5564895710334947,0.0320651089645474,0.1126430515372439
exp03_fb0p1_b1p0_comb,best,logistic,mean,0.022577755116227966,-0.0188621484723451,0.7486213894789747,0.0432615771435894,0.7558493943639081,0.0433338366774396,0.5750695536241454,0.0490469518392531,0.1296248944119497
exp03_fb0p1_b0p1_comb,best,logistic,mean,0.022339257928469733,-0.0072511096565099,0.7602324282948099,0.0290574967635293,0.7416453139838479,0.0452113866783898,0.5769471036250956,0.0462186768653628,0.1267966194380593
exp03_fb0p02_b1p0_lpsd,best_recon_aux,logistic,mean,0.022064177567426135,-0.0281803771619104,0.7393031607894094,0.0747562969896408,0.7873441142099594,0.019616612874548,0.5513523298212538,0.0399190249550052,0.1204969675277017
exp03_fb0p02_b1p0_comb,best,logistic,mean,0.021850313543071032,-0.0102540248175085,0.7572295131338113,0.0562249719329838,0.7688127891533024,0.0195799935137378,0.5513157104604436,0.0389575616339355,0.119535504206632
exp03_fb0p1_b0p3_comb,best,logistic,mean,0.0217265634438425,-0.0012327893737303,0.7662507485775895,0.0340924168022896,0.7466802340226083,0.0323200629029682,0.564055779849674,0.0346899425499338,0.1152678851226303
exp03_fb0p05_b0p1_lpsd,best_recon_aux,gbm,mean,0.02155256962311893,-0.0065906495470129,0.8175908818619431,0.03020006385175,0.7616950298727956,0.0410482945646197,0.5474613707375667,0.0402118328042986,0.1723192230049712
exp03_fb0_b0p1_none,best,logistic,mean,0.0206806341524282,0.0143355785912481,0.781819116542568,0.0243433905621051,0.7369312077824237,0.0233629333039314,0.5550986502506372,0.0092143120013529,0.0897922545740494
exp03_fb0_b0p1_lpsd,best,logistic,mean,0.020632249936851633,0.0248510412501987,0.7923345792015186,0.0270199247753443,0.7396077419956629,0.0100257837850119,0.5417615007317177,0.0288248198710535,0.10940276244375
exp03_fb0p05_b0p1_none,best,logistic,mean,0.020493024873307966,0.0005549992209464,0.7680385371722663,0.0535370562651696,0.7661248734854883,0.0073870191338079,0.5391227360805136,0.0235718532797822,0.1041497958524787
exp03_fb0_b0p3_lpsd,best_recon_aux,gbm,mean,0.020405426966333535,-0.0066742851162837,0.8175072462926722,0.0392290848091896,0.7707240508302352,0.0286614812060947,0.5350745573790417,0.0675676818885735,0.1996750720892461
exp03_fb0_b0p3_lpsd,best_recon_aux,gbm,max,0.0203980695133037,-0.0364817370568814,0.7593225731523151,0.0247183201788904,0.7896143077000497,0.0729576254179021,0.5600736652839519,0.0488909374261855,0.2119174550795418
exp03_fb0p1_b0p1_lpsd,best_recon_aux,gbm,max,0.020351820379478035,0.0002227191595985,0.7960270293687951,0.0188588782718028,0.7837548657929622,0.0419738637070328,0.5290899035730825,0.0589428192619427,0.221969336915299
exp03_fb0p02_b1p0_none,best,logistic,mean,0.0201794568269433,0.016733243720205,0.7842167816715249,0.0443212952016757,0.7569091124219943,-0.0005161684410508,0.5312195485056549,0.0473787435546146,0.1279566861273111
exp03_fb0p05_b1p0_comb,best,logistic,mean,0.0201255378687499,-0.0015923115950339,0.7658912263562859,0.0435647640158974,0.7561525812362161,0.0184041611853862,0.550139878132092,0.0473754454837438,0.1279533880564403
exp03_fb0p02_b0p3_lpsd,best,logistic,mean,0.019917948655919934,-0.0179149826267367,0.7495685553245831,0.0625445423576888,0.7751323595780074,0.0151242862368077,0.5468600031835135,0.0459456512785175,0.126523593851214
exp03_fb0p02_b1p0_lpsd,best,logistic,window_score,0.019849216242960065,-0.0235579560372372,0.710728387761465,0.065884390817378,0.684102097078506,0.0172212139487394,0.5212148312265209,0.0717953658148547,0.1538694373380311
exp03_fb0p02_b0p1_none,best_recon_aux,logistic,mean,0.0198335592271504,0.0003948034607531,0.767878341412073,0.0611428231979079,0.7737306404182266,-0.0020369489772098,0.5296987679694959,0.0330540070359992,0.1136319496086957
exp03_fb0p1_b0p3_lpsd,best_recon_aux,logistic,mean,0.0196454213644599,-0.0050174279384376,0.7624661100128822,0.0499402027036006,0.7625280199239193,0.0140134893282167,0.5457492062749225,0.027283017599013,0.1078609601717095
exp03_fb0_b0p3_comb,best,gbm,mean,0.019548193813028632,-0.022134108902965,0.8020474225059909,0.0352097215774054,0.766704687598451,0.0455689687646455,0.5519820449375925,0.0619325815797421,0.1940399717804147
exp03_fb0p02_b1p0_lpsd,best_recon_aux,logistic,window_score,0.0194413900277613,-0.0296138085870358,0.7046725352116663,0.1104023972166856,0.7286201034778136,-0.0224644185463659,0.4815291987314155,0.0612749997566069,0.1433490712797833
exp03_fb0_b0p1_lpsd,best_recon_aux,logistic,mean,0.019439824951067636,0.0141168099764859,0.7816003479278057,0.0396443211134179,0.7522321383337366,0.0045583437632991,0.5362940607100048,0.0398472911221974,0.1204252336948939
exp03_fb0p1_b0p1_lpsd,best,gbm,max,0.019242581559698865,-0.0298611848986162,0.7659431253105803,0.0254833903412421,0.7903793778624014,0.0621055392364707,0.5492215791025205,0.042555725345571,0.2055822429989273
exp03_fb0p02_b1p0_none,best_recon_aux,logistic,mean,0.019177730193679802,-0.0063017598105211,0.7611817781407987,0.0465609661919184,0.759148783412237,0.0172739841996421,0.5490097011463478,0.038796816280455,0.1193747588531515
exp03_fb0p05_b0p3_lpsd,best_recon_aux,mlp,quantile,0.018899960885147168,-0.0237728418825425,0.8069288933599331,0.0199615275954492,0.7102879795673309,0.0605111969425348,0.4861991973353776,0.0309524133667615,0.1318302188249305
exp03_fb0_b0p3_lpsd,best_recon_aux,logistic,quantile,0.0178852447381378,0.0126517486908119,0.7848386384694946,0.0174111753837259,0.7026326785989045,0.0235928101398756,0.4754081357344581,0.0567900993683709,0.1479059001501758
exp03_fb0_b0p3_lpsd,best_recon_aux,logistic,mean,0.017818509567302198,0.0158941942543108,0.7833777322056307,0.0481891298215413,0.7607769470418599,-0.0106277953739455,0.5211079215727602,0.023776324611596,0.1043542671842926
exp03_fb0p05_b0p3_lpsd,best,mlp,quantile,0.017752704454154635,-0.0302048925465293,0.8004968426959463,-0.0075125740076404,0.6828138779642412,0.0909755799166336,0.5166635803094765,0.1011222670652013,0.2020000725233703
exp03_fb0_b0p3_lpsd,best,gbm,quantile,0.017569406609637,0.009187310872186,0.8044980411025153,0.0106095002291627,0.7409426512396695,0.0329114087275623,0.5511029604076091,0.0501583560930654,0.1965590667822614
exp03_fb0p05_b0p1_comb,best,logistic,mean,0.017535804701387336,-0.0102081121990754,0.7572754257522444,0.0516813363538456,0.7642691535741643,0.0111341899493918,0.5428699068960976,0.0389452347930029,0.1195231773656994
exp03_fb0p05_b0p1_comb,best_recon_aux,logistic,mean,0.017535804701387336,-0.0102081121990754,0.7572754257522444,0.0516813363538456,0.7642691535741643,0.0111341899493918,0.5428699068960976,0.0389452347930029,0.1195231773656994
exp03_fb0p05_b0p1_lpsd,best_recon_aux,logistic,mean,0.017432358109888132,-0.0474783779046579,0.7200051600466619,0.0641069221772819,0.7766947393976006,0.0356685300570404,0.5674042470037461,0.0478607261604408,0.1284386687331374
exp03_fb0p05_b0p3_lpsd,best,gbm,quantile,0.0172106337725643,0.0342034781164243,0.8295142083467536,0.0086216831638706,0.7389548341743775,0.008806740037398,0.5269982917174447,0.0055225775983734,0.1519232882875694
exp03_fb0_b0p3_comb,best_recon_aux,logistic,mean,0.017140297048026165,0.0183146493737141,0.785798187325034,0.0413209146345939,0.7539087318549126,-0.0082146728642295,0.5235210440824762,0.0501510664416685,0.130729009014365
exp03_fb0p02_b0p1_none,best,logistic,mean,0.0165042516364869,-0.0235406910638829,0.743942846887437,0.055372116572382,0.7679599337927007,0.0176813294009616,0.5494170463476674,0.0255104867743487,0.1060884293470453
exp03_fb0p05_b1p0_comb,best_recon_aux,logistic,mean,0.015984034281258,-0.022160746783707,0.7453227911676128,0.0462343493085738,0.7588221665288925,0.0238785003189072,0.555614217265613,0.0406961012550908,0.1212740438277873
exp03_fb0p05_b0p3_none,best_recon_aux,logistic,mean,0.015841144566290433,-0.033999594164815,0.7334839437865048,0.0519647408807976,0.7645525581011162,0.0295582869828887,0.5612940039295945,0.0325521937224572,0.1131301362951537
exp03_fb0p1_b1p0_none,best,logistic,mean,0.0156781876615805,-0.0157839368291257,0.7516996011221941,0.0528542741022212,0.7654420913225398,0.009964225711646,0.5416999426583518,0.0454478700296481,0.1260258126023446
exp03_fb0p02_b1p0_lpsd,best_recon_aux,gbm,window_score,0.015601783648255435,0.0035018914487117,0.7488037774804308,0.0236337811864556,0.7646192770650626,0.019669678309599,0.526178171983963,0.0681104292607589,0.2030687303877161
exp03_fb0p05_b1p0_none,best,logistic,mean,0.015423118439559567,0.0276078057364792,0.7950913436877991,0.0365707785762841,0.7491585957966027,-0.0179092289940846,0.5138264879526211,0.0375924406390752,0.1181703832117717
exp03_fb0p1_b0p3_comb,best_recon_aux,logistic,mean,0.015366100753287268,-0.0063444135576753,0.7611391243936445,0.0249851389028472,0.7375729561231659,0.0274575769146899,0.5591932938613957,0.0338994503548878,0.1144773929275843
exp03_fb0_b0p1_comb,best_recon_aux,mlp,quantile,0.014110457103914334,0.0042529920730515,0.8349547273155272,0.0084754715094591,0.6988019234813408,0.0296029077292324,0.4552909081220753,0.0708779052940428,0.1717557107522118
exp03_fb0p05_b1p0_lpsd,best_recon_aux,gbm,mean,0.0140782363314398,0.0020608307096615,0.8262423621186176,0.0291274912758843,0.7606224572969299,0.0110463870087736,0.5174594631817206,0.0492037346276854,0.1813111248283581
exp03_fb0p02_b0p3_none,best_recon_aux,logistic,mean,0.013799950594650301,-0.0043784649333197,0.7631050730180001,0.0382389816160084,0.7508267988363271,0.0075393351012622,0.539275052047968,0.0515038844156964,0.1320818269883929
exp03_fb0p1_b1p0_none,best_recon_aux,logistic,mean,0.0136727294057054,-0.0216279351395758,0.745855602811744,0.0518931547442396,0.7644809719645582,0.0107529686124524,0.5424886855591582,0.0409538935014846,0.1215318360741811
exp03_fb0p05_b0p3_lpsd,best_recon_aux,mlp,max,0.013668446881502767,-0.0091216133447226,0.8008104216300047,0.0063022820040311,0.7180175064899814,0.0438246719851998,0.4234378627424876,0.0089242201377458,0.1546922411644476
exp03_fb0p1_b0p3_none,best,logistic,window_score,0.013482375370213434,-0.0201868516729437,0.7140994921257584,0.065651009408191,0.683868715669319,-0.005017031624607,0.4989765856531744,0.041520842872017,0.1235949143951934
exp03_fb0p05_b0p3_lpsd,best,logistic,quantile,0.012975625744851733,-0.0061244926902666,0.7660623970884161,0.0204441761588507,0.7056656793740294,0.0246071937659711,0.4764225193605536,0.0378871648842159,0.1290029656660208
exp03_fb0p02_b0p3_none,best,logistic,mean,0.0126739250267198,0.0017809538829868,0.7692644918343067,0.0426606056276632,0.7552484228479819,-0.0064197844304906,0.5253159325162151,0.0555287874380716,0.1361067300107681
exp03_fb0p02_b0p3_lpsd,best_recon_aux,logistic,mean,0.012662397512505036,-0.0419592930432368,0.725524244908083,0.0677523958776564,0.7803402130979751,0.0121940897030955,0.5439298066498013,0.0535188473071636,0.1340967898798601
exp03_fb0p02_b1p0_lpsd,best,logistic,quantile,0.0125032218894624,-0.0011291670581243,0.7710577227205583,0.0256406606241599,0.7108621638393385,0.0129981721023516,0.4648134976969341,0.0669398784689274,0.1580556792507323
exp03_fb0_b0p3_comb,best_recon_aux,gbm,mean,0.012324978195549232,-0.0227734712477053,0.8014080601612507,0.0372955401294533,0.7687905061504989,0.0224528657048997,0.5288659418778467,0.0343246769133846,0.1664320671140572
exp03_fb0_b1p0_comb,best_recon_aux,logistic,mean,0.012109521413555138,0.031552997507169,0.7990365354584889,0.031032132002375,0.7436199492226937,-0.0262565652688786,0.5054791516778271,0.0423291286075176,0.1229070711802142
exp03_fb0p02_b1p0_lpsd,best_recon_aux,logistic,quantile,0.011930254344633434,-0.0313904484700914,0.7407964413085912,0.0513648245414083,0.736586327756587,0.0158163869625834,0.4676317125571659,0.0497224823574215,0.1408382831392264
exp03_fb0p1_b1p0_lpsd,best_recon_aux,gbm,mean,0.011250968692860833,0.0095362756742441,0.8337178070832002,0.0118188965505848,0.7433138625716305,0.0123977338537536,0.5188108100267006,0.0681802603429515,0.2002876505436241
exp03_fb0p1_b0p3_lpsd,best,gbm,mean,0.010700227684151832,-0.0089944116385427,0.8151871197704132,0.002766645594081,0.7342616116151266,0.0383284490969172,0.5447415252698642,0.0593053111835922,0.1914127013842648
exp03_fb0p05_b1p0_lpsd,best,logistic,mean,0.010641692889917434,-0.0060878935853891,0.7613956443659307,0.0312012682891981,0.7437890855095167,0.0068117039659433,0.5385474209126491,0.0329447002034421,0.1135226427761386
exp03_fb0_b0p1_none,best_recon_aux,gbm,mean,0.0105193320501231,-0.0193805876825731,0.8048009437263829,0.0412878879519146,0.7727828539729602,0.0096506958810278,0.5160637720539748,0.048692443289099,0.1807998334897717
exp03_fb0p02_b1p0_lpsd,best,mlp,quantile,0.010496524405294564,-0.0116953662979563,0.8190063689445194,0.0228357847671151,0.7131622367389968,0.0203491547467249,0.4460371551395677,0.0720909995420212,0.1729688050001902
exp03_fb0p05_b0p3_lpsd,best_recon_aux,gbm,mean,0.009369082200590568,0.0041540196614636,0.8283355510704197,0.0136246443046866,0.7451196103257323,0.0103285826356215,0.5167416588085685,0.0011535387695783,0.133260928970251
exp03_fb0p02_b0p1_lpsd,best,logistic,quantile,0.008977619397175835,-0.0377908958690218,0.7343959939096608,0.0623789181893138,0.7476004214044925,0.0023448358712355,0.454160161465818,0.0449449628232862,0.1360607636050911
exp03_fb0p02_b0p1_lpsd,best_recon_aux,logistic,quantile,0.008977619397175835,-0.0377908958690218,0.7343959939096608,0.0623789181893138,0.7476004214044925,0.0023448358712355,0.454160161465818,0.0449449628232862,0.1360607636050911
exp03_fb0p05_b0p3_lpsd,best_recon_aux,gbm,max,0.008913744622168802,-0.0140986547914715,0.781705655417725,0.0049472531752317,0.769843240696391,0.0358926354827462,0.5230086753487959,0.0851905296236644,0.2482170472770207
exp03_fb0_b0p3_lpsd,best,logistic,quantile,0.008558349125088033,0.0327007948924172,0.8048876846711,0.0157061562193061,0.7009276594344848,-0.0227319037364592,0.4290834218581232,0.0637325726644812,0.1548483734462861
exp03_fb0p1_b1p0_lpsd,best,logistic,mean,0.008441431171087133,-0.0256622395163245,0.7418212984349953,0.0358198684822408,0.7484076857025594,0.0151666645473451,0.5469023814940509,0.0448001484110202,0.1253780909837167
exp03_fb0p02_b0p1_lpsd,best_recon_aux,gbm,quantile,0.008323872500930767,-0.0022401344039518,0.7930705958263774,-0.0077527719429518,0.7225803790675549,0.0349645238496959,0.5531560755297427,0.0050130988293596,0.1514138095185556
exp03_fb0p02_b0p1_lpsd,best,gbm,quantile,0.008323872500930767,-0.0022401344039518,0.7930705958263774,-0.0077527719429518,0.7225803790675549,0.0349645238496959,0.5531560755297427,0.0050130988293596,0.1514138095185556
exp03_fb0_b0p3_lpsd,best,logistic,mean,0.007933452469395733,0.0119642586455943,0.7794477965969142,0.0414203750777418,0.7540081922980605,-0.0295842763151489,0.5021514406315568,0.04142055348993,0.1219984960626265
exp03_fb0p05_b1p0_none,best_recon_aux,logistic,mean,0.007894063423833966,-0.0599147124081366,0.7075688255431832,0.048526314720652,0.7611141319409707,0.0350705879589865,0.5668063049056923,0.045350837359873,0.1259287799325695
exp03_fb0p1_b0p1_lpsd,best_recon_aux,gbm,quantile,0.0078679613742914,-0.0062971221863354,0.7890136080439938,0.0139902438973568,0.7443233949078636,0.0159107624118528,0.5341023140918996,-0.0108030885760724,0.1355976221131235
exp03_fb0p1_b0p1_lpsd,best,gbm,quantile,0.007834421771773768,-0.0199808795917857,0.7753298506385435,0.0080969504326628,0.7384301014431697,0.0353871944744442,0.553578746154491,-0.0088433760492724,0.1375573346399235
exp03_fb0p02_b0p3_comb,best,gbm,mean,0.0076903162631879,-0.0136328497413267,0.8105486816676293,0.0311226128819841,0.7626175789030297,0.0055811856489063,0.5119942618218533,0.0772871468030627,0.2093945370037353
exp03_fb0p05_b0p3_lpsd,best_recon_aux,gbm,quantile,0.007546339995227601,0.0079950689117779,0.8033057991421072,0.0113369837323011,0.741670134742808,0.0033069673416038,0.5214985190216506,-0.0116719683487406,0.1347287423404553
exp03_fb0p1_b0p3_lpsd,best_recon_aux,gbm,mean,0.0064235001240351,-0.0001863931551898,0.8239951382537661,0.0069568322805552,0.7384517983016008,0.0125000612467399,0.5189131374196869,0.0309342078830129,0.1630415980836855
exp03_fb0_b0p3_none,best_recon_aux,gbm,mean,0.006274285142121701,-0.0353897807976794,0.7887917506112766,0.0343638935661918,0.7658588595872374,0.0198487426578527,0.5262618188307997,0.0551085919276432,0.1872159821283158
exp03_fb0p1_b0p3_none,best_recon_aux,mlp,mean,0.006114688513510667,-0.0472396913702253,0.7641763961221522,0.0042352831780545,0.7006386239208985,0.0613484737327028,0.4620914817643113,0.0985126457252098,0.2203515642654226
exp03_fb0p02_b0p3_comb,best_recon_aux,gbm,mean,0.005406976391533899,-0.0093501623864183,0.8148313690225376,0.0314039113517217,0.7628988773727673,-0.0058328197907017,0.5005802563822452,0.0776949811159719,0.2098023713166445
exp03_fb0p1_b0p3_none,best,gbm,window_score,0.005309307160445466,0.0191136468730483,0.7644155329047675,0.0043534821820089,0.7453389780606159,-0.0075392075737208,0.498969286100643,-0.0200637449531373,0.1148945561738198
exp03_fb0p05_b0p3_lpsd,best,gbm,mean,0.004741488915197266,-0.0003453061008652,0.8238362253080908,0.0290901988274125,0.7605851648484582,-0.0145204259809555,0.4918926501919914,0.0753045986989044,0.2074119888995771
exp03_fb0p05_b0p1_lpsd,best,gbm,mean,0.004368841577508967,-0.0159035197396393,0.8082780116693167,0.0156214574572752,0.7471164234783209,0.013388587014891,0.519801663187838,0.0782501340068572,0.2103575242075298
exp03_fb0_b0p3_comb,best,logistic,mean,0.0039196585506048,-0.0083351413758284,0.7591483965754914,0.0401965813145643,0.752784398534883,-0.0201024642869215,0.5116332526597842,0.0542597472732276,0.1348376898459241
exp03_fb0p1_b0p1_lpsd,best_recon_aux,gbm,mean,0.003336541368065833,-0.0150720041298443,0.8091095272791117,-0.0110547405869789,0.7204402254340666,0.0361363688210207,0.5425494449939677,0.0140696858668722,0.1461770760675448
exp03_fb0p1_b1p0_none,best_recon_aux,gbm,max,0.0028389950068989,-0.026296951257962,0.7695073589512345,-0.0034834326855985,0.7614125548355607,0.0382973689642572,0.525413408830307,0.0625911358649275,0.2256176535182838
exp03_fb0p02_b1p0_lpsd,best_recon_aux,gbm,mean,0.0024184322149563334,0.0226659344449542,0.8468474658539102,0.0265173736809314,0.758012339701977,-0.0419280114810166,0.4644850646919303,0.0880173536391731,0.2201247438398457
exp03_fb0_b0p3_none,best,gbm,mean,0.0022748764427881324,-0.0572219423754797,0.7669595890334763,0.0299861077054754,0.7614810737265211,0.0340604639983687,0.5404735401713157,0.0568038260964315,0.1889112162971041
exp03_fb0_b0p1_none,best,gbm,mean,0.002114412181467865,-0.0432842886852976,0.7808972427236583,0.036583567096877,0.7680785331179226,0.0130439581328242,0.5194570343057712,0.0774475600589709,0.2095549502596435
exp03_fb0p1_b0p1_lpsd,best_recon_aux,mlp,max,0.001439282746134768,-0.0322877734260034,0.7776442615487239,0.0383859097587085,0.7501011342446589,-0.0017802880943008,0.3778329026629869,0.0049645297993658,0.1507325508260676
exp03_fb0p1_b1p0_none,best,gbm,max,0.0012612056730521004,-0.0277412312063956,0.7680630790028009,0.0039643990280825,0.7688603865492418,0.0275604491974694,0.5146764890635191,0.0626079626176987,0.225634480271055
exp03_fb0p1_b0p1_comb,best,gbm,mean,0.0010338677441302016,-0.0307985400129288,0.7933829913960272,0.0001175226009638,0.7316124886220094,0.0337826206443556,0.5401956968173026,0.0524171361444813,0.1845245263451539
exp03_fb0p1_b0p3_none,best,logistic,quantile,0.00015177794792330113,-0.0351008605964211,0.7370860291822615,0.027200935874733,0.7124224390899117,0.008355258565458,0.4601705841600405,0.0222982649744975,0.1134140657563024
exp03_fb0p02_b0p1_lpsd,best_recon_aux,gbm,mean,2.2636516662599925e-05,0.0133172420645238,0.8374987734734799,0.0103611676900291,0.7418561337110747,-0.0236105002045651,0.4828025759683818,0.0815202915335543,0.2136276817342269
exp03_fb0p02_b0p1_lpsd,best,gbm,mean,2.2636516662599925e-05,0.0133172420645238,0.8374987734734799,0.0103611676900291,0.7418561337110747,-0.0236105002045651,0.4828025759683818,0.0815202915335543,0.2136276817342269
exp03_fb0_b0p1_none,best_recon_aux,logistic,mean,-0.0003925355350079332,-0.018097289740862,0.7493862482104579,0.0316785482181952,0.7442663654385139,-0.014758865082357,0.5169768518643487,0.0312278698045482,0.1118058123772447
exp03_fb0_b0p1_comb,best,logistic,max,-0.0005047794611025997,0.0110868159249225,0.7723576179034654,0.0106470748445965,0.7509940797499888,-0.0232482291528268,0.4919072494220929,0.0518300745834904,0.177649074579733
exp03_fb0p02_b0p1_lpsd,best,mlp,max,-0.0007821353787988983,-0.0391983717181341,0.7707336632565932,0.0120023974748821,0.7237176219608324,0.0248495681068553,0.4044627588641431,0.084595687147205,0.2303637081739069
exp03_fb0p02_b0p1_lpsd,best_recon_aux,mlp,max,-0.0007821353787988983,-0.0391983717181341,0.7707336632565932,0.0120023974748821,0.7237176219608324,0.0248495681068553,0.4044627588641431,0.084595687147205,0.2303637081739069
exp03_fb0_b0p1_comb,best_recon_aux,mlp,max,-0.0008885039341237655,0.0101711626443242,0.8201031976190516,-0.0609476242699259,0.6507676002160243,0.0481109498232304,0.4277241405805182,0.0042646429197456,0.1500326639464475
exp03_fb0p1_b1p0_none,best_recon_aux,logistic,window_score,-0.0009022127220465656,-0.0040271031771944,0.7302592406215077,0.0225822268435432,0.6407999331046712,-0.0212617618324885,0.4827318554452929,0.0705331342347772,0.1526072057579537
exp03_fb0p1_b0p3_none,best,gbm,max,-0.0009929250987741657,-0.050496060027853,0.7453082501813435,0.0099140714216007,0.77481005894276,0.0376032133099298,0.5247192531759796,0.0415327324916667,0.204559250145023
exp03_fb0p02_b0p3_lpsd,best,gbm,mean,-0.0013484152801056654,-0.0185323297452372,0.8056492016637188,0.0332238507110814,0.764718816732127,-0.0187367668061612,0.4876763093667857,0.0564509096291602,0.1885582998298328
exp03_fb0_b0p3_lpsd,best,mlp,max,-0.0021761152778323697,-0.0348278585591823,0.775104176415545,-0.0475245458991773,0.6641906785867729,0.0758240586248625,0.4554372493821503,-0.0050667645972975,0.1407012564294042
exp03_fb0p05_b0p3_lpsd,best,logistic,max,-0.002515297380337599,-0.0453990844608351,0.7158717175177076,0.0081547615953775,0.7485017665007697,0.0296984307244448,0.5448539092993646,0.0337157768546459,0.1595347768508885
exp03_fb0_b1p0_comb,best,logistic,mean,-0.002646326246580367,0.0110820334461994,0.7785655713975193,0.0226007235223811,0.7351885407426998,-0.0416217357083216,0.4901139812383841,0.0635608855939871,0.1441388281666836
exp03_fb0_b1p0_none,best,gbm,mean,-0.002927906745577167,-0.0249861745219632,0.7991953568869927,0.0200703538750568,0.7515653198961024,-0.0038678995898251,0.5025451765831218,0.031866616142571,0.1639740063432437
exp03_fb0p02_b1p0_lpsd,best,gbm,mean,-0.0032059678251000006,-0.0051261477493633,0.8190553836595926,0.0114640973594423,0.7429590633804879,-0.015955853085379,0.4904572230875679,0.0220113045692026,0.1541186947698753
exp03_fb0_b0p3_none,best,logistic,mean,-0.003558286010286,-0.0121951474181293,0.7552883905331905,0.0068630144031192,0.7194508316234378,-0.0053427250158479,0.5263929919308578,0.0425112245728335,0.12308916714553
exp03_fb0p1_b0p1_lpsd,best,gbm,mean,-0.0038308424623087985,-0.0437137314893818,0.7804677999195742,-0.0094241960643826,0.722070769956663,0.041645400166838,0.548058476339785,0.0250190583154583,0.1571264485161309
exp03_fb0_b0p1_comb,best,mlp,max,-0.0038851498642114668,-0.0057404923109797,0.8041915426637476,-0.0137390905459772,0.697976133939973,0.0078241332643225,0.3874373240216103,0.0401354856183893,0.1859035066450911
exp03_fb0_b0p3_lpsd,best_recon_aux,mlp,quantile,-0.004187981694104334,-0.0536950715659497,0.7770066636765259,0.0093729602318166,0.6996994122036984,0.0317581662518201,0.4574461666446629,0.0433935214977947,0.1442713269559637
exp03_fb0p02_b1p0_lpsd,best_recon_aux,mlp,max,-0.004525134411402868,-0.01715323332709,0.7927788016476373,-0.004677915080207,0.7070373094057432,0.0082557451730884,0.3878689359303762,0.0883890672464182,0.23415708827312
exp03_fb0p02_b0p3_lpsd,best_recon_aux,gbm,mean,-0.0049072695313782345,-0.0129902928979602,0.8111912385109957,0.016857571045017,0.7483525370660626,-0.0185890867411915,0.4878239894317553,0.0593208597593576,0.1914282499600302
exp03_fb0p1_b0p1_lpsd,best,mlp,max,-0.005211589886231133,-0.0286636698021195,0.7812683651726078,0.0321458141679943,0.7438610386539446,-0.0191169140245682,0.3604962767327195,0.0069012685691113,0.1526692895958131
exp03_fb0_b0p3_lpsd,best_recon_aux,mlp,max,-0.0052805287065617,-0.0004150026750491,0.8095170322996782,-0.0519032470287806,0.6598119774571696,0.0364766635841446,0.4160898543414324,-0.0075875274788372,0.1381804935478646
exp03_fb0p1_b1p0_none,best,logistic,window_score,-0.005352685404197733,-0.0135173160692217,0.7207690277294804,0.0243757259239353,0.6425934321850633,-0.0269164660673068,0.4770771512104746,0.0826970757895998,0.1647711473127762
exp03_fb0p1_b1p0_none,best,gbm,quantile,-0.005674855745211434,-0.0228892099421431,0.7724215202881861,0.0023488158009929,0.7326819668114998,0.0035158269055159,0.5217073785855627,0.0056867037963548,0.1520874144855508
exp03_fb0p1_b1p0_none,best_recon_aux,mlp,mean,-0.005985381689225367,-0.0154600565195101,0.7959560309728674,-0.0033332136232963,0.6930701271195476,0.0008371250751303,0.4015801331067389,0.0635344543185263,0.1853733728587391
exp03_fb0p1_b0p3_none,best_recon_aux,gbm,max,-0.006282968656947999,-0.0300143388088196,0.7657899714003769,0.0139971166465743,0.7788931041677336,-0.0028316838085987,0.4842843560574509,0.007972867280054,0.1709993849334103
exp03_fb0_b1p0_none,best_recon_aux,gbm,mean,-0.006321181541742001,-0.0620144025067089,0.762167128902247,0.0012997229171194,0.732794688938165,0.0417511349643635,0.5481642111373105,0.0269353649279614,0.159042755128634
exp03_fb0p05_b0p3_lpsd,best_recon_aux,logistic,quantile,-0.006395757489800498,-0.0497896286055448,0.7223972611731379,0.0131061573286228,0.6983276605438015,0.0174961988075205,0.469311524402103,0.03488039873676,0.1259961995185649
exp03_fb0p1_b1p0_none,best,gbm,window_score,-0.006836498435505034,-0.000398190711743,0.744903695319976,-0.0073914125051783,0.7335940833734286,-0.0127198920895938,0.49378860158477,-0.0064900156559382,0.1284682854710189
exp03_fb0_b0p1_comb,best_recon_aux,logistic,max,-0.006985123799948099,-0.0064746835326786,0.7547961184458641,0.0062198668066469,0.7465668717120392,-0.0207005546738126,0.494454923901107,0.1016563203713426,0.2274753203675852
exp03_fb0p1_b0p3_none,best,gbm,quantile,-0.007144235225522433,-0.0160558457993575,0.7792548844309717,0.0054941839571855,0.7358273349676924,-0.0108710438343953,0.5073205078456514,-0.0202539782615679,0.126146732427628
exp03_fb0p1_b0p1_lpsd,best,logistic,max,-0.007330712353387365,-0.0466869417388687,0.714583860239674,0.0452373525920606,0.7855843574974528,-0.020542547913354,0.4946129306615657,0.0452858385333918,0.1711048385296344
exp03_fb0p1_b0p3_none,best,mlp,mean,-0.0073574130492871335,-0.0291540029545024,0.782262084537875,0.0269239552023395,0.7233272959451835,-0.0198421913956985,0.3809008166359099,0.0709766105981381,0.1928155291383509
exp03_fb0p05_b0p1_none,best_recon_aux,gbm,mean,-0.0076109800728877,-0.0434457432580738,0.7807357881508822,0.0015558856897541,0.7330508517107998,0.0190569173496566,0.5254699935226036,0.0606064023455181,0.1927137925461907
exp03_fb0p1_b0p3_comb,best,gbm,mean,-0.0079641426870984,-0.014845931132127,0.8093356002768289,-0.0112621453971972,0.7202328206238483,0.002215648468029,0.508628724640976,0.0359861455825956,0.1680935357832682
exp03_fb0p1_b0p1_lpsd,best_recon_aux,logistic,quantile,-0.008051359968676668,-0.0394281140995018,0.7327587756791808,-0.0046040577400809,0.6806174454750976,0.0198780919335527,0.4716934175281352,0.0246058210556303,0.1157216218374352
exp03_fb0_b0p3_none,best_recon_aux,logistic,mean,-0.008578765807718033,-0.0379116676195814,0.7295718703317384,0.0212209177878661,0.7338087350081848,-0.0090455475914388,0.5226901693552669,0.0605286228442046,0.1411065654169011
exp03_fb0p1_b1p0_none,best_recon_aux,gbm,quantile,-0.0092030036763863,-0.0225140698344439,0.7727966603958853,0.0038302236832497,0.7341633746937565,-0.0089251648779647,0.5092663868020819,-0.0065963952053157,0.1398043154838802
exp03_fb0p1_b0p1_comb,best_recon_aux,gbm,mean,-0.009458005605741266,-0.0299428897052893,0.7942386417036666,-0.0090477967098048,0.7224471693112408,0.0106166695978703,0.5170297457708173,0.0205531393018745,0.1526605295025472
exp03_fb0_b1p0_lpsd,best,gbm,mean,-0.0098565290454934,-0.0199536695861266,0.8042278618228293,0.0190340289703246,0.7505289949913703,-0.0286499465206782,0.4777631296522687,0.0516252352721094,0.1837326254727821
exp03_fb0p1_b0p1_lpsd,best,logistic,quantile,-0.0099476905150105,-0.0481081421280923,0.7240787476505903,0.0008813116412662,0.6861028148564449,0.0173837589417946,0.4691990845363771,0.0178208762345011,0.108936677016306
exp03_fb0p1_b1p0_none,best_recon_aux,gbm,window_score,-0.010516821302152299,-0.0028248502395559,0.7424770357921632,-0.007034575033443,0.7339509208451639,-0.021691038633458,0.4848174550409059,0.0073076589987306,0.1422659601256878
exp03_fb0p1_b0p3_none,best,gbm,mean,-0.011180997391739132,-0.0353062053082917,0.7888753261006642,0.0032659275381936,0.7347608935592392,-0.0015027144051193,0.5049103617678276,0.0449092365928892,0.1770166267935619
exp03_fb0p02_b0p1_lpsd,best,logistic,max,-0.011307187611942764,-0.0658516394766196,0.6954191625019231,0.035020525861679,0.7753675307670712,-0.0030904492208877,0.512065029354032,0.0519394857130236,0.1777584857092662
exp03_fb0p02_b0p1_lpsd,best_recon_aux,logistic,max,-0.011307187611942764,-0.0658516394766196,0.6954191625019231,0.035020525861679,0.7753675307670712,-0.0030904492208877,0.512065029354032,0.0519394857130236,0.1777584857092662
exp03_fb0_b0p3_lpsd,best_recon_aux,mlp,mean,-0.011757058213129834,-0.0168154486846384,0.794600638807739,0.0217912323785124,0.7181945731213564,-0.0402469583332635,0.360496049698345,0.0644618648742773,0.1863007834144901
exp03_fb0p02_b0p1_lpsd,best_recon_aux,mlp,quantile,-0.011932070256822067,-0.0817571605194746,0.748944574723001,0.0013403929598549,0.6916668449317367,0.0446205567891535,0.4703085571819964,0.0516964434719327,0.1525742489301017
exp03_fb0p02_b0p1_lpsd,best,mlp,quantile,-0.011932070256822067,-0.0817571605194746,0.748944574723001,0.0013403929598549,0.6916668449317367,0.0446205567891535,0.4703085571819964,0.0516964434719327,0.1525742489301017
exp03_fb0p02_b1p0_comb,best_recon_aux,gbm,mean,-0.011962125819938002,-0.0350792309154559,0.7891023004935,0.0140060219132188,0.7455009879342644,-0.0148131684575769,0.49159990771537,0.0389296163295169,0.1710370065301895
exp03_fb0p1_b0p1_lpsd,best_recon_aux,logistic,max,-0.011992278037274132,-0.0515688112026244,0.7097019907759183,0.042798975117851,0.7831459800232432,-0.027206998027049,0.4879484805478706,0.0406419373550173,0.1664609373512599
exp03_fb0_b1p0_comb,best_recon_aux,gbm,mean,-0.013188432310249,-0.0219243150974959,0.8022572163114601,0.0130559608289041,0.7445509268499497,-0.0306969426621552,0.4757161335107916,0.0280211842372237,0.1601285744378963
exp03_fb0p1_b1p0_lpsd,best,gbm,mean,-0.013218839373466199,-0.0083068892806168,0.8158746421283392,-0.0243596956494017,0.7071352703716438,-0.0069899331903801,0.4994231429825668,0.0257629966499987,0.1578703868506713
exp03_fb0p1_b0p1_none,best,gbm,mean,-0.013370011750267467,-0.0506536953885893,0.7735278360203667,0.0032476468313018,0.7347426128523474,0.0072960133064851,0.5137090894794321,0.0488154965058179,0.1809228867064905
exp03_fb0p1_b0p1_none,best_recon_aux,gbm,mean,-0.013370011750267467,-0.0506536953885893,0.7735278360203667,0.0032476468313018,0.7347426128523474,0.0072960133064851,0.5137090894794321,0.0488154965058179,0.1809228867064905
exp03_fb0p1_b0p3_none,best_recon_aux,gbm,window_score,-0.013844492950709832,0.0077684414909737,0.7530703275226929,0.000757876246166,0.741743372124773,-0.0500597965892692,0.4564486970850946,-0.0099975551459727,0.1249607459809844
exp03_fb0p05_b0p3_lpsd,best_recon_aux,logistic,max,-0.013852985591347199,-0.0479327404278824,0.7133380615506604,-0.0045251199456821,0.73582188495971,0.0108989035995229,0.5260543821744427,0.0459800469061398,0.1717990469023824
exp03_fb0p02_b1p0_comb,best,gbm,mean,-0.014468727479942168,-0.0298417243656988,0.7943398070432571,0.0086471606511335,0.7401421266721792,-0.0222116187252612,0.4842014574476857,0.0685396552334233,0.2006470454340959
exp03_fb0p02_b0p3_none,best,gbm,mean,-0.014752701545196034,-0.0404986282450999,0.783682903163856,0.0128933370343693,0.7443883030554149,-0.0166528134248575,0.4897602627480893,0.0528210205858368,0.1849284107865094
exp03_fb0p1_b0p3_none,best_recon_aux,logistic,quantile,-0.014804244634658565,-0.0635871914397715,0.7085996983389111,0.0259287371034971,0.7111502403186758,-0.0067542795677013,0.4450610460268812,0.0285928607977093,0.1197086615795142
exp03_fb0p1_b0p3_none,best_recon_aux,gbm,quantile,-0.015116545714868035,-0.0265482521093609,0.7687624781209683,0.010126516060496,0.7404596670710029,-0.0289279010957392,0.4892636505843074,0.0022841560201197,0.1486848667093157
exp03_fb0p1_b1p0_comb,best_recon_aux,gbm,mean,-0.015458005820940366,-0.0284290695359844,0.7957524618729716,-0.0270788531018757,0.7044161129191698,0.009133905175039,0.515546981347986,0.014733842221104,0.1468412324217766
exp03_fb0_b0p3_lpsd,best,logistic,window_score,-0.015657234756046398,-0.084393289599488,0.6498930541992142,0.0618268897016496,0.6800445959627776,-0.0244053043703008,0.4795883129074806,0.0421048452825411,0.1241789168057175
exp03_fb0p1_b1p0_none,best,mlp,mean,-0.0157176509587417,-0.0246297393558451,0.7867863481365324,0.001609965389279,0.698013306132123,-0.024133178909659,0.3766098291219494,0.0760493299835295,0.1978882485237423
exp03_fb0p05_b0p3_none,best,gbm,mean,-0.016684423702459105,-0.0665706477617724,0.7576108836471835,0.0118549641955993,0.743349930216645,0.0046624124587958,0.5110754886317428,0.0432320899664375,0.1753394801671101
exp03_fb0_b1p0_comb,best,gbm,mean,-0.01780741788105627,-0.0342427857860548,0.7899387456229011,0.0222560008654474,0.753750966886493,-0.0414354687225614,0.4649776074503855,0.032264475426178,0.1643718656268507
exp03_fb0_b0p3_lpsd,best,mlp,mean,-0.017965979283042898,0.0088561296844066,0.8202722171767841,-0.0250107755524824,0.6713925651903615,-0.0377432919810529,0.3629997160505556,0.075610896558028,0.1974498150982408
exp03_fb0_b0p3_lpsd,best,mlp,quantile,-0.018903348143787097,-0.0201625388310966,0.8105391964113791,-0.0143692952185089,0.6759571567533728,-0.0221782103817558,0.403509790011087,0.0449716076322729,0.145849413090442
exp03_fb0p05_b0p1_comb,best_recon_aux,gbm,mean,-0.01936908808369923,-0.0437958054352604,0.7803857259736956,0.016157549479669,0.7476525155007147,-0.0304690082955063,0.4759440678774406,0.0379883694308843,0.1700957596315569
exp03_fb0p05_b0p1_comb,best,gbm,mean,-0.01936908808369923,-0.0437958054352604,0.7803857259736956,0.016157549479669,0.7476525155007147,-0.0304690082955063,0.4759440678774406,0.0379883694308843,0.1700957596315569
exp03_fb0p1_b0p3_comb,best_recon_aux,gbm,mean,-0.019462132182903633,-0.0593090592705508,0.7648724721384051,-0.0113006944793426,0.7201942715417029,0.0122233572011825,0.5186364333741295,0.045830567863361,0.1779379580640336
exp03_fb0p05_b0p3_none,best_recon_aux,gbm,mean,-0.01962235509685823,-0.0751399350819717,0.7490415963269843,0.01257178969345,0.7440667557144957,0.003701080097947,0.510114156270894,0.0420495152648086,0.1741569054654812
exp03_fb0_b1p0_lpsd,best,logistic,mean,-0.019910371338020903,-0.0361374375442665,0.7313461004070533,0.0111053017340644,0.723693118954383,-0.0346989782038606,0.4970367387428451,0.0387024012921632,0.1192803438648597
exp03_fb0p05_b0p3_comb,best,gbm,mean,-0.0199375933471098,-0.0427399516321734,0.7814415797767825,-0.0024449449670153,0.7290500210540303,-0.0146278834421407,0.4917851927308062,0.0359622558616735,0.1680696460623461
exp03_fb0p02_b1p0_lpsd,best_recon_aux,logistic,max,-0.0204902126168118,-0.0500779388856875,0.7111928630928552,-0.003811693372313,0.7365353115330792,-0.0075810055924349,0.5075744729824848,0.0959080191807603,0.2217270191770029
exp03_fb0p1_b0p1_lpsd,best,mlp,quantile,-0.020985306855667865,-0.0772540717986297,0.753447663443846,-0.0096925150837421,0.6806339368881396,0.0239906663153682,0.449678666708211,0.0155770411659191,0.1164548466240881
exp03_fb0_b1p0_none,best_recon_aux,logistic,mean,-0.022372932806995833,-0.0248308092181386,0.7426527287331812,-0.0112783929605404,0.7013094242597782,-0.0310095962423085,0.5007261207043971,0.0521702355318771,0.1327481781045736
exp03_fb0p05_b1p0_lpsd,best,gbm,mean,-0.022418642981921366,-0.0292367328848419,0.794944798524114,-0.0150835104237848,0.7164114555972607,-0.0229356856371374,0.4834773905358095,0.0337243625600431,0.1658317527607157
exp03_fb0p1_b0p1_lpsd,best_recon_aux,mlp,quantile,-0.022993422242418664,-0.0592178327801724,0.7714839024623033,0.0005347987313882,0.69086125070327,-0.0102972326784718,0.4153907677143709,0.0322150430050989,0.1330928484632679
exp03_fb0p1_b1p0_none,best,logistic,quantile,-0.023289336045763265,-0.0799729728655281,0.6922139169131545,0.0204917955309538,0.7057132987461324,-0.0103868308027155,0.4414284947918669,0.0162508857385968,0.1073666865204017
exp03_fb0p05_b1p0_comb,best_recon_aux,gbm,mean,-0.0234017890337008,-0.0485376600437919,0.7756438713651641,0.0079159612373077,0.7394109272583533,-0.0295836682946182,0.4768294078783287,0.0602014915958868,0.1923088817965594
exp03_fb0p02_b1p0_lpsd,best,logistic,max,-0.023575546048444,-0.0398520938875374,0.7214187080910054,0.0099659387130447,0.7503129436184369,-0.0408404829708393,0.4743149956040803,0.0247241689697802,0.1505431689660228
exp03_fb0p1_b1p0_none,best,mlp,quantile,-0.023946884505219635,-0.0799712849049243,0.7507304503375514,-0.0006681462837123,0.6896583056881693,0.0087987776729777,0.4344867780658205,0.0373949762376541,0.1382727816958232
exp03_fb0p05_b0p3_comb,best_recon_aux,gbm,mean,-0.024192228794852635,-0.0411158679267751,0.7830656634821809,0.0023273494339531,0.7338223154549988,-0.0337881678917359,0.472624908281211,0.0456595427797557,0.1777669329804283
exp03_fb0_b1p0_lpsd,best_recon_aux,gbm,mean,-0.02427525597144067,-0.0387759038338534,0.7854056275751026,0.0276461534337583,0.7591411194548039,-0.0616960175142269,0.44471705865872,0.0280040869153379,0.1601114771160106
exp03_fb0_b1p0_lpsd,best_recon_aux,logistic,mean,-0.0247147575817801,-0.0405543612215627,0.7269291767297571,0.0278518945177512,0.7404397117380699,-0.0614418060415288,0.4702939109051769,0.0181025128803852,0.0986804554530817
exp03_fb0p1_b0p3_none,best_recon_aux,gbm,mean,-0.0253942375750042,-0.0559457513874103,0.7682357800215457,0.0003580031010742,0.7318529691221198,-0.0205949644386765,0.4858181117342703,0.006095054036443,0.1382024442371156
exp03_fb0p05_b0p1_none,best,gbm,mean,-0.026192090549191537,-0.0693350056300649,0.7548465257788911,-0.0256948970898341,0.7058000689312114,0.0164536310723244,0.5228667072452714,0.0457689200281096,0.1778763102287822
exp03_fb0p1_b1p0_none,best_recon_aux,gbm,mean,-0.026503052333954696,-0.0361272976482395,0.7880542337607165,-0.0230904712161271,0.7084044948049184,-0.0202913881374975,0.4861216880354493,0.0643513470706773,0.1964587372713499
exp03_fb0_b0p3_lpsd,best,logistic,max,-0.026693477415342132,-0.063341977638442,0.6979288243401007,0.0012885876711864,0.7416355925765786,-0.0180270422787708,0.4971284362961488,0.0637929625791721,0.1896119625754148
exp03_fb0p02_b0p1_none,best,gbm,mean,-0.0267094019914129,-0.0473516375256775,0.7768298938832785,-0.003115457866494,0.7283795081545515,-0.0296611105820672,0.4767519655908797,0.049205073187381,0.1813124633880536
exp03_fb0p02_b0p1_none,best_recon_aux,gbm,mean,-0.02674215269320307,-0.0556335501521882,0.7685479812567677,0.0195830538218427,0.7510780198428884,-0.0441759617492637,0.4622371144236832,0.0336903777825923,0.1657977679832649
exp03_fb0_b1p0_none,best,logistic,mean,-0.029329570193899267,-0.0390735265829756,0.7284100113683442,0.0010379678717952,0.7136257850921138,-0.0499531518705174,0.4817825650761883,0.0516546945169364,0.1322326370896329
exp03_fb0p1_b1p0_comb,best,gbm,mean,-0.03049970809944433,-0.0458269275484708,0.7783546038604852,-0.0094542928154491,0.7220406732055964,-0.0362179039344131,0.4701951722385338,0.0023790885046741,0.1344864787053467
exp03_fb0p1_b0p3_none,best,mlp,max,-0.031501247605594,-0.0822721856118559,0.7276598493628714,-0.0106684623947216,0.7010467620912286,-0.0015630948102045,0.3780500959470833,0.0088250035966246,0.1545930246233264
exp03_fb0p02_b0p3_none,best_recon_aux,gbm,mean,-0.031891632702959666,-0.0455524377672057,0.7786290936417503,-0.0062792498172846,0.7252157162037609,-0.0438432105243887,0.4625698656485582,0.0131510280016646,0.1452584182023372
exp03_fb0p05_b1p0_none,best_recon_aux,gbm,mean,-0.0322040018844234,-0.0601716937420565,0.7640098376668994,-0.0045748739031848,0.7269200921178607,-0.0318654380080289,0.4745476381649179,0.0504964643800001,0.1826038545806727
exp03_fb0p1_b1p0_none,best_recon_aux,logistic,quantile,-0.03298286814883746,-0.0973445871434552,0.6748423026352274,0.0162445559980682,0.7014660592132469,-0.0178485733011254,0.433966752293457,0.0205922150457155,0.1117080158275204
exp03_fb0p1_b0p3_none,best_recon_aux,logistic,max,-0.033227484988949535,-0.0752934326055656,0.6859773693729772,0.0029481669946481,0.7432951719000404,-0.0273371893559311,0.4878182892189886,-0.0072832447892028,0.1185357552070398
exp03_fb0p05_b1p0_comb,best,gbm,mean,-0.033251111051893434,-0.0415723338527914,0.7826091975561645,-0.0025435717000188,0.7289513943210267,-0.0556374276028701,0.4507756485700768,0.0495742890634807,0.1816816792641533
exp03_fb0p1_b1p0_none,best,gbm,mean,-0.0340823585291695,-0.050580213911722,0.7736013174972339,-0.0269211878419701,0.7045737781790754,-0.0247456738338164,0.4816674023391305,0.0394143402743966,0.1715217304750693
exp03_fb0p1_b1p0_none,best_recon_aux,mlp,max,-0.0343462071893535,-0.0927413242722832,0.7171907107024441,-0.0289147211378976,0.6828005033480526,0.0186174238421203,0.3982306145994081,-0.0007896031367963,0.1449784178899054
exp03_fb0p1_b1p0_none,best_recon_aux,mlp,quantile,-0.03446994715653467,-0.0929260263940895,0.7377757088483862,-0.001904505292085,0.6884219466797966,-0.0085793097834295,0.4171086906094133,0.0290937687336714,0.1299715741918404
exp03_fb0p02_b1p0_none,best_recon_aux,gbm,mean,-0.03517634822878787,-0.075282699755436,0.74889883165352,-0.0034629694830852,0.7280319965379604,-0.0267833754478424,0.4796297007251044,0.0486920225141212,0.1807994127147938
exp03_fb0p05_b1p0_none,best,gbm,mean,-0.039624929862976936,-0.0605329191038495,0.7636486123051065,0.0036397252796717,0.7351346913007173,-0.061981595764753,0.4444314804081938,0.0629417669720493,0.1950491571727219
exp03_fb0p1_b1p0_none,best,mlp,max,-0.0404419604291052,-0.1047225035693019,0.7052095314054254,-0.0264861221040646,0.6852291023818856,0.0098827443860509,0.3894959351433387,-0.0079290020285447,0.1378390189981571
exp03_fb0p1_b0p3_none,best,mlp,quantile,-0.040933386436585666,-0.1053282618096954,0.7253734734327802,0.0148912882873342,0.7052177402592159,-0.0323631857873958,0.393324814605447,0.030968304422273,0.131846109880442
exp03_fb0_b0p3_lpsd,best_recon_aux,logistic,max,-0.04453281060808926,-0.0643437826019902,0.6969270193765525,0.0077465396889619,0.7480935445943542,-0.0770011889112395,0.4381542896636802,0.0889623279606076,0.2147813279568502
exp03_fb0p1_b0p3_none,best,logistic,max,-0.047274150005457004,-0.0982874694065584,0.6629833325719844,0.0038944541885312,0.7442414590939235,-0.0474294347983438,0.4677260437765759,0.0059550305625329,0.1317740305587755
exp03_fb0p1_b0p3_none,best_recon_aux,mlp,max,-0.04866979645713063,-0.1032778065636096,0.7066542284111177,-0.0076241800941847,0.7040910443917655,-0.0351074027135976,0.3445057880436901,0.0015127872567134,0.1472808082834153
exp03_fb0p02_b1p0_none,best,gbm,mean,-0.0497309583412757,-0.0725069353172568,0.7516745960916992,-0.0252910279084579,0.7062039381125876,-0.0513949117981124,0.4550181643748345,0.0621251507565114,0.1942325409571841
exp03_fb0p1_b1p0_none,best,logistic,max,-0.05278289628223253,-0.1204558953800876,0.6408149065984552,-0.009265947822013,0.7310810570833791,-0.028626845644597,0.4865286329303226,0.0029645297042446,0.1287835297004872
exp03_fb0p1_b1p0_none,best_recon_aux,logistic,max,-0.05540700196510876,-0.1224803057736481,0.6387904962048947,-0.0101559462370788,0.7301910586683134,-0.0335847538845994,0.4815707246903202,0.0031671785888373,0.1289861785850799
exp03_fb0_b0p3_lpsd,best_recon_aux,logistic,window_score,-0.0554800178173552,-0.2077591200061342,0.5265272237925679,0.0745113106496442,0.6927290169107722,-0.0331922440955756,0.4708013731822058,0.03564998656812,0.1177240580912964
exp03_fb0p1_b0p3_none,best_recon_aux,mlp,quantile,-0.06414275863678154,-0.0990003737204123,0.7317013615220633,-0.0059325059514785,0.6843939460204032,-0.0874953962384538,0.338192604154389,0.0271216886289709,0.1279994940871399
